{
    "tab_info": {
        "implementation_status": "active",
        "name": "Inc BB YoY",
        "prompt_file": "config\\tabs\\inc_bb_yoy_prompt.txt"
    },
    "datasets": {
        "statutory_p_and_l": {
            "name": "Statutory P&L (£m)",
            "decimal_places": 0
        },
        "balance_sheet": {
            "name": "Balance Sheet YTD movements (£bn)",
            "decimal_places": 1
        },
        "performance_measures": {
            "name": "Performance Ratio's (%)",
            "decimal_places": 2
        }
    },
    "file_config": {
        "files": [
            {
                "file_pattern": "barclays_uk_2024_Q3_response.json",
                "file_type": "json",
                "s3_uri": "s3://myawstests3buckets1/financebenchmarking1/working_summary/barclays_uk_2024_Q3_response.json",
                "name": "Barclays UK",
                "data_key": "formatted_data1",
                "description": "Barclays UK Data",
                "type": "primary"
            },
            {
                "file_pattern": "lloyds_retail_2024_Q3_response.json",
                "file_type": "json",
                "s3_uri": "s3://myawstests3buckets1/financebenchmarking1/working_summary/lloyds_retail_2024_Q3_response.json",
                "name": "Lloyds Retail",
                "data_key": "formatted_data2",
                "description": "Lloyds Retail",
                "type": "primary"
            },
            {
                "file_pattern": "santander_2024_Q3_response.json",
                "file_type": "json",
                "s3_uri": "s3://myawstests3buckets1/financebenchmarking1/working_summary/santander_2024_Q3_response.json",
                "name": "Santander",
                "data_key": "formatted_data3",
                "description": "Santander",
                "type": "primary"
            },            
            {
                "file_pattern": "hsbc_uk_rbwm_2024_Q3_response.json",
                "file_type": "json",
                "s3_uri": "s3://myawstests3buckets1/financebenchmarking1/working_summary/hsbc_uk_rbwm_2024_Q3_response.json",
                "name": "HSBC UK RBWM",
                "data_key": "formatted_data4",
                "description": "HSBC UK RBWM",
                "type": "primary"
            },
            {
                "file_pattern": "natwest_2024_Q3_response.json",
                "file_type": "json",
                "s3_uri": "s3://myawstests3buckets1/financebenchmarking1/working_summary/natwest_2024_Q3_response.json",
                "name": "NatWest",
                "data_key": "formatted_data5",
                "description": "NatWest",
                "type": "primary"
            }
        ],
        "output_prefix": "Inc_BB_YoY_Final_Summary_data"
    }
}