{
    "bank_info": {
        "implementation_status": "active",
        "name": "HSBC",
        "tab_name": "HSBC UK RBWM GBP",
        "description": "HSBC UK Bank plc is a British multinational banking and financial services organisation based in Birmingham, England. It is a wholly owned subsidiary of the global HSBC banking and financial group, which has been headquartered in London since 1993. HSBC UK helps millions of people look after their day-to-day finances and manage their wealth, offering retail banking and wealth management to personal and private banking customers.",
        "logo_url": "https://upload.wikimedia.org/wikipedia/commons/thumb/f/f5/HSBC_UK_logo.svg/512px-HSBC_UK_logo.svg.png",
        "prompt_file": "config\\banks\\hsbc_uk_rbwm_gbp_prompt.txt",
        "theme_colors": {
            "primary": "#0051A2",
            "secondary": "#003D82",
            "header": "#006A4D"
        }
    },
    "datasets": {
        "gbp_measures": {
            "name": "GBP Measures",
            "decimal_places": 0
        }
    },
    "file_config": {
        "files": [
            {
                "file_pattern": "hsbc_uk_rbwm_usd_2024_Q3_response.json",
                "file_type": "json",
                "s3_uri": "s3://myawstests3buckets1/financebenchmarking1/working_summary/hsbc_uk_rbwm_usd_2024_Q3_response.json",
                "name": "HSBC UK Bank plc USD",
                "data_key": "formatted_data1",
                "description": "HSBC UK Bank plc USD Data",
                "type": "primary"
            }
        ],
        "output_prefix": "HSBC_UK_RBWM_GBP_working_data"
    }
}