{
    "bank_info": {
        "implementation_status": "active",
        "name": "HSBC",
        "tab_name": "HSBC UK RBWM",
        "description": "HSBC UK Bank plc is a British multinational banking and financial services organisation based in Birmingham, England. It is a wholly owned subsidiary of the global HSBC banking and financial group, which has been headquartered in London since 1993. HSBC UK helps millions of people look after their day-to-day finances and manage their wealth, offering retail banking and wealth management to personal and private banking customers.",
        "logo_url": "https://upload.wikimedia.org/wikipedia/commons/thumb/f/f5/HSBC_UK_logo.svg/512px-HSBC_UK_logo.svg.png",
        "prompt_file": "config\\banks\\hsbc_uk_rbwm_prompt.txt",
        "theme_colors": {
            "primary": "#0051A2",
            "secondary": "#003D82",
            "header": "#006A4D"
        }
    },
    "datasets": {
        "p_and_l": {
            "name": "P&L £m",
            "decimal_places": 0
        },
        "balance_sheet": {
            "name": "Balance Sheet",
            "decimal_places": 1
        },
        "performance_measures": {
            "name": "Performance Measures",
            "decimal_places": 2
        }
    },
    "file_config": {
        "files": [
            {
                "file_pattern": "{quarter_period_caps}-{quarter_period_year}-data-pack-excel.xlsx",
                "sheets": [
                    {
                        "sheet_name": "HSBC UK Bank plc",
                        "data_key": "formatted_data1",
                        "start_marker": "HSBC UK Bank plc \u2013 Wealth and Personal Banking",
                        "end_marker": "HSBC UK Bank plc \u2013 Commercial Banking",
                        "description": "Current Quarter - HSBC UK Bank plc"
                    }
                ],
                "period_type": "{quarter_period_caps}",
                "period_year": "{quarter_period_year}",
                "type": "current_quarter"
            },
            {
                "file_pattern": "{prior_quarter_period_caps}-{prior_quarter_end_year}-data-pack-excel.xlsx",
                "sheets": [
                    {
                        "sheet_name": "HSBC UK Bank plc",
                        "data_key": "formatted_data2",
                        "start_marker": "HSBC UK Bank plc \u2013 Wealth and Personal Banking",
                        "end_marker": "HSBC UK Bank plc \u2013 Commercial Banking",
                        "description": "Prior Quarter - HSBC UK Bank plc"
                    }
                ],
                "period_type": "{prior_quarter_period_caps}",
                "period_year": "{prior_quarter_end_year}",
                "type": "prior_quarter"
            }
        ],
        "output_prefix": "HSBC_UK_RBWM_working_data"
    }
}