{
    "bank_info": {
        "implementation_status": "active",
        "name": "Lloyds",
        "tab_name": "Lloyds Group",
        "description": "Lloyds Banking Group is a leading UK-based financial services group. We provide a wide range of banking and financial services, focused primarily on retail and commercial customers. Find out more about the structure of the Group, our Directors and governance.",
        "logo_url": "https://upload.wikimedia.org/wikipedia/en/thumb/f/fe/Lloyds_Banking_Group_logo.svg/251px-Lloyds_Banking_Group_logo.svg.png",
        "prompt_file": "config\\banks\\lloyds_group_prompt.txt",
        "theme_colors": {
            "primary": "#0051A2",
            "secondary": "#003D82",
            "header": "#006A4D"
        }
    },
    "datasets": {
        "p_and_l": {
            "name": "P&L £m",
            "decimal_places": 0
        },
        "balance_sheet": {
            "name": "Balance Sheet (£bn)",
            "decimal_places": 1
        },
        "performance_measures": {
            "name": "Performance Measures",
            "decimal_places": 2
        }
    },
    "file_config": {
        "files": [
            {
                "file_pattern": "{full_year}-lbg-{period_const_lower}-excel-download.xlsx",
                "sheets": [
                    {
                        "sheet_name": "2",
                        "data_key": "formatted_data1",
                        "description": "group_performance_summary_data"
                    }
                ]
            }
        ],
        "output_prefix": "LLoyds_Group_working_data"
    }
}